{"cameraMode":{"drawMode":0,"name":"Shaded","section":"Shading Mode"},"sceneLighting":true,"audioPlay":false,"sceneViewState":{"showFog":true,"showMaterialUpdate":true,"showSkybox":true,"showFlares":true,"showImageEffects":true,"showParticleSystems":true},"in2DMode":false,"pivot":{"x":-67.46224212646485,"y":-354.7756042480469,"z":204.65028381347657},"rotation":{"x":0.4063902795314789,"y":0.000549985677935183,"z":-0.00024459444102831185,"w":0.913699209690094},"size":970.2100219726563,"orthographic":false}