{"cameraMode":{"drawMode":0,"name":"Shaded","section":"Shading Mode"},"sceneLighting":true,"audioPlay":false,"sceneViewState":{"showFog":true,"showMaterialUpdate":true,"showSkybox":true,"showFlares":true,"showImageEffects":true,"showParticleSystems":true},"in2DMode":false,"pivot":{"x":-224.91299438476563,"y":-17.11005973815918,"z":257.8824157714844},"rotation":{"x":0.34993207454681399,"y":-0.17828595638275147,"z":0.06802502274513245,"w":0.9171350598335266},"size":29.435394287109376,"orthographic":false}