{"cameraMode":{"drawMode":0,"name":"Shaded","section":"Shading Mode"},"sceneLighting":true,"audioPlay":false,"sceneViewState":{"showFog":true,"showMaterialUpdate":true,"showSkybox":true,"showFlares":true,"showImageEffects":true,"showParticleSystems":true},"in2DMode":false,"pivot":{"x":79.16719818115235,"y":400.4517822265625,"z":-656.1296997070313},"rotation":{"x":0.3895542025566101,"y":-0.21061886847019196,"z":0.0919918343424797,"w":0.891865611076355},"size":519.2025146484375,"orthographic":false}