{"cameraMode":{"drawMode":0,"name":"Shaded","section":"Shading Mode"},"sceneLighting":false,"audioPlay":false,"sceneViewState":{"showFog":true,"showMaterialUpdate":false,"showSkybox":false,"showFlares":true,"showImageEffects":true,"showParticleSystems":true},"in2DMode":false,"pivot":{"x":-0.8364186882972717,"y":-0.13732334971427918,"z":1.2265267372131348},"rotation":{"x":-0.09045333415269852,"y":0.3885437250137329,"z":-0.03836137428879738,"w":-0.9161858558654785},"size":3.8733088970184328,"orthographic":false}