{"cameraMode":{"drawMode":0,"name":"Shaded","section":"Shading Mode"},"sceneLighting":false,"audioPlay":false,"sceneViewState":{"showFog":true,"showMaterialUpdate":false,"showSkybox":false,"showFlares":true,"showImageEffects":true,"showParticleSystems":true},"in2DMode":false,"pivot":{"x":-0.0058746337890625,"y":0.17921042442321778,"z":0.0062808990478515629},"rotation":{"x":0.09757145494222641,"y":-0.8665374517440796,"z":0.1868700534105301,"w":0.452445924282074},"size":56.03781509399414,"orthographic":false}