{"cameraMode":{"drawMode":0,"name":"Shaded","section":"Shading Mode"},"sceneLighting":true,"audioPlay":false,"sceneViewState":{"showFog":true,"showMaterialUpdate":false,"showSkybox":true,"showFlares":true,"showImageEffects":true,"showParticleSystems":true},"in2DMode":false,"pivot":{"x":510.6388244628906,"y":374.9208679199219,"z":-310.5},"rotation":{"x":0.1402817964553833,"y":-0.5438482761383057,"z":0.09291037172079086,"w":0.8221776485443115},"size":1148.6402587890625,"orthographic":false}