{"cameraMode":{"drawMode":0,"name":"Shaded","section":"Shading Mode"},"sceneLighting":true,"audioPlay":false,"sceneViewState":{"showFog":true,"showMaterialUpdate":false,"showSkybox":false,"showFlares":true,"showImageEffects":true,"showParticleSystems":true},"in2DMode":false,"pivot":{"x":-2.8731560707092287,"y":-6.434073448181152,"z":10.006762504577637},"rotation":{"x":0.272148072719574,"y":-0.1336950957775116,"z":0.03821321949362755,"w":0.952163577079773},"size":12.813366889953614,"orthographic":false}